"nconst";"primaryName";"birthYear";"deathYear";"primaryProfession";"knownForTitles"
"nm0000001";"Fred Astaire";"1899";"1987";"actor,miscellaneous,producer";"tt0050419,tt0072308,tt0053137,tt0027125"
"nm0000002";"Lauren Bacall";"1924";"2014";"actress,soundtrack,archive_footage";"tt0037382,tt0075213,tt0117057,tt0038355"
"nm0000003";"Brigitte Bardot";"1934";"\\N";"actress,music_department,producer";"tt0057345,tt0049189,tt0056404,tt0054452"
"nm0000004";"John Belushi";"1949";"1982";"actor,writer,music_department";"tt0072562,tt0077975,tt0080455,tt0078723"
"nm0000005";"Ingmar Bergman";"1918";"2007";"writer,director,actor";"tt0050986,tt0069467,tt0050976,tt0083922"
"nm0000006";"Ingrid Bergman";"1915";"1982";"actress,producer,soundtrack";"tt0034583,tt0036855,tt0038109,tt0038787"
"nm0000007";"Humphrey Bogart";"1899";"1957";"actor,producer,miscellaneous";"tt0034583,tt0037382,tt0042593,tt0043265"
"nm0000008";"Marlon Brando";"1924";"2004";"actor,director,writer";"tt0078788,tt0068646,tt0047296,tt0070849"
"nm0000009";"Richard Burton";"1925";"1984";"actor,producer,director";"tt0061184,tt0087803,tt0059749,tt0057877"
"nm0000010";"James Cagney";"1899";"1986";"actor,director,producer";"tt0029870,tt0031867,tt0042041,tt0055256"
"nm0000011";"Gary Cooper";"1901";"1961";"actor,stunts,producer";"tt0044706,tt0034167,tt0027996,tt0035896"
"nm0000012";"Bette Davis";"1908";"1989";"actress,make_up_department,producer";"tt0042192,tt0056687,tt0031210,tt0035140"
"nm0000013";"Doris Day";"1922";"2019";"actress,producer,miscellaneous";"tt0048317,tt0045591,tt0053172,tt0055100"
"nm0000014";"Olivia de Havilland";"1916";"2020";"actress,soundtrack,archive_footage";"tt0031381,tt0041452,tt0029843,tt0040806"
"nm0000015";"James Dean";"1931";"1955";"actor,miscellaneous,archive_footage";"tt0048028,tt0048545,tt0049261,tt0039123"
"nm0000016";"Georges Delerue";"1925";"1992";"composer,music_department,actor";"tt0091763,tt0096320,tt0069946,tt0080610"
"nm0000017";"Marlene Dietrich";"1901";"1992";"actress,music_department,soundtrack";"tt0051201,tt0055031,tt0052311,tt0021156"
"nm0000018";"Kirk Douglas";"1916";"2020";"actor,producer,director";"tt0080736,tt0054331,tt0049456,tt0050825"
"nm0000019";"Federico Fellini";"1920";"1993";"writer,director,actor";"tt0056801,tt0050783,tt0047528,tt0071129"
"nm0000020";"Henry Fonda";"1905";"1982";"actor,producer,miscellaneous";"tt0050083,tt0082846,tt0032551,tt0051207"
"nm0000021";"Joan Fontaine";"1917";"2013";"actress,producer,soundtrack";"tt0032976,tt0034248,tt0035751,tt0036969"
"nm0000022";"Clark Gable";"1901";"1960";"actor,producer,soundtrack";"tt0025316,tt0031381,tt0026752,tt0055184"
"nm0000023";"Judy Garland";"1922";"1969";"actress,soundtrack,archive_footage";"tt0032138,tt0047522,tt0037059,tt0055031"
"nm0000024";"John Gielgud";"1904";"2000";"actor,director,writer";"tt0082031,tt0071877,tt0045943,tt0117631"
"nm0000025";"Jerry Goldsmith";"1929";"2004";"music_department,composer,miscellaneous";"tt0119488,tt0117731,tt0077269,tt0112715"
"nm0000026";"Cary Grant";"1904";"1986";"actor,producer,soundtrack";"tt0053125,tt0056923,tt0034248,tt0038787"
"nm0000027";"Alec Guinness";"1914";"2000";"actor,writer,soundtrack";"tt0076759,tt0050212,tt0041546,tt0051739"
"nm0000028";"Rita Hayworth";"1918";"1987";"actress,producer,soundtrack";"tt0038559,tt0040525,tt0035103,tt0036723"
"nm0000029";"Margaux Hemingway";"1954";"1996";"actress,miscellaneous,archive_footage";"tt0077800,tt0102122,tt0110138,tt0074802"
"nm0000030";"Audrey Hepburn";"1929";"1993";"actress,soundtrack,archive_footage";"tt0054698,tt0046250,tt0056923,tt0058385"
"nm0000031";"Katharine Hepburn";"1907";"2003";"actress,writer,soundtrack";"tt0063227,tt0082846,tt0032904,tt0043265"
"nm0000032";"Charlton Heston";"1923";"2008";"actor,director,writer";"tt0052618,tt0049833,tt0070723,tt0067525"
"nm0000033";"Alfred Hitchcock";"1899";"1980";"director,producer,writer";"tt0054215,tt0053125,tt0052357,tt0056869"
"nm0000034";"William Holden";"1918";"1981";"actor,miscellaneous,soundtrack";"tt0046359,tt0047437,tt0043014,tt0074958"
"nm0000035";"James Horner";"1953";"2015";"music_department,composer,actor";"tt0120338,tt0499549,tt0120746,tt0177971"
"nm0000036";"Buster Keaton";"1895";"1966";"actor,writer,director";"tt0017925,tt0015163,tt0015324,tt0016332"
"nm0000037";"Gene Kelly";"1912";"1996";"actor,miscellaneous,director";"tt0045152,tt0043278,tt0053946,tt0041716"
"nm0000038";"Grace Kelly";"1929";"1982";"actress,producer,soundtrack";"tt0046912,tt0047396,tt0048728,tt0046874"
"nm0000039";"Deborah Kerr";"1921";"2007";"actress,soundtrack,archive_footage";"tt0049408,tt0045793,tt0039192,tt0050105"
"nm0000040";"Stanley Kubrick";"1928";"1999";"director,writer,producer";"tt0062622,tt0072684,tt0066921,tt0093058"
"nm0000041";"Akira Kurosawa";"1910";"1998";"writer,director,assistant_director";"tt0051808,tt0080979,tt0089881,tt0047478"
"nm0000042";"Alan Ladd";"1913";"1964";"actor,producer,camera_department";"tt0046303,tt0035432,tt0038369,tt0055718"
"nm0000043";"Veronica Lake";"1922";"1973";"actress,producer,soundtrack";"tt0034240,tt0038369,tt0035432,tt0034881"
"nm0000044";"Burt Lancaster";"1913";"1994";"actor,producer,miscellaneous";"tt0045793,tt0085859,tt0051036,tt0057091"
"nm0000045";"Bruce Lee";"1940";"1973";"actor,writer,miscellaneous";"tt0068767,tt0068935,tt0070034,tt0067824"
"nm0000046";"Vivien Leigh";"1913";"1967";"actress,writer,soundtrack";"tt0044081,tt0031381,tt0033238,tt0034272"
"nm0000047";"Sophia Loren";"1934";"\\N";"actress,soundtrack,archive_footage";"tt0054749,tt0060121,tt0058335,tt0076085"
"nm0000048";"Peter Lorre";"1904";"1964";"actor,writer,director";"tt0022100,tt0036613,tt0034583,tt0033870"
"nm0000049";"Henry Mancini";"1924";"1994";"music_department,composer,actor";"tt0054698,tt0085101,tt0383216,tt0057413"
