"tconst";"titleType";"primaryTitle";"originalTitle";"isAdult";"startYear";"endYear";"runtimeMinutes";"genres"
"tt0000001";"short";"Carmencita";"Carmencita";"0";"1894";"\\N";"1";"Documentary,Short"
"tt0000002";"short";"Le clown et ses chiens";"Le clown et ses chiens";"0";"1892";"\\N";"5";"Animation,Short"
"tt0000003";"short";"Poor Pierrot";"Pauvre Pierrot";"0";"1892";"\\N";"5";"Animation,Comedy,Romance"
"tt0000004";"short";"Un bon bock";"Un bon bock";"0";"1892";"\\N";"12";"Animation,Short"
"tt0000005";"short";"Blacksmith Scene";"Blacksmith Scene";"0";"1893";"\\N";"1";"Comedy,Short"
"tt0000006";"short";"Chinese Opium Den";"Chinese Opium Den";"0";"1894";"\\N";"1";"Short"
"tt0000007";"short";"Corbett and Courtney Before the Kinetograph";"Corbett and Courtney Before the Kinetograph";"0";"1894";"\\N";"1";"Short,Sport"
"tt0000008";"short";"Edison Kinetoscopic Record of a Sneeze";"Edison Kinetoscopic Record of a Sneeze";"0";"1894";"\\N";"1";"Documentary,Short"
"tt0000009";"movie";"Miss Jerry";"Miss Jerry";"0";"1894";"\\N";"45";"Romance"
"tt0000010";"short";"Leaving the Factory";"La sortie de l'usine Lumière à Lyon";"0";"1895";"\\N";"1";"Documentary,Short"
"tt0000011";"short";"Akrobatisches Potpourri";"Akrobatisches Potpourri";"0";"1895";"\\N";"1";"Documentary,Short"
"tt0000012";"short";"The Arrival of a Train";"L'arrivée d'un train à La Ciotat";"0";"1896";"\\N";"1";"Documentary,Short"
"tt0000013";"short";"The Photographical Congress Arrives in Lyon";"Le débarquement du congrès de photographie à Lyon";"0";"1895";"\\N";"1";"Documentary,Short"
"tt0000014";"short";"The Waterer Watered";"L'arroseur arrosé";"0";"1895";"\\N";"1";"Comedy,Short"
"tt0000015";"short";"Around a Cabin";"Autour d'une cabine";"0";"1894";"\\N";"2";"Animation,Short"
"tt0000016";"short";"Boat Leaving the Port";"Barque sortant du port";"0";"1895";"\\N";"1";"Documentary,Short"
"tt0000017";"short";"Italienischer Bauerntanz";"Italienischer Bauerntanz";"0";"1895";"\\N";"1";"Documentary,Short"
"tt0000018";"short";"Das boxende Känguruh";"Das boxende Känguruh";"0";"1895";"\\N";"1";"Short"
"tt0000019";"short";"The Clown Barber";"The Clown Barber";"0";"1898";"\\N";"\\N";"Comedy,Short"
"tt0000020";"short";"The Derby 1895";"The Derby 1895";"0";"1895";"\\N";"1";"Documentary,Short,Sport"
"tt0000022";"short";"Blacksmith Scene";"Les forgerons";"0";"1895";"\\N";"1";"Documentary,Short"
"tt0000023";"short";"The Sea";"Baignade en mer";"0";"1895";"\\N";"1";"Documentary,Short"
"tt0000024";"short";"Opening of the Kiel Canal";"Opening of the Kiel Canal";"0";"1895";"\\N";"1";"News,Short"
"tt0000025";"short";"The Oxford and Cambridge University Boat Race";"The Oxford and Cambridge University Boat Race";"0";"1896";"\\N";"\\N";"News,Short,Sport"
"tt0000026";"short";"The Messers. Lumière at Cards";"Partie d'écarté";"0";"1896";"\\N";"1";"Documentary,Short"
"tt0000027";"short";"Cordeliers' Square in Lyon";"Place des Cordeliers à Lyon";"0";"1895";"\\N";"1";"Documentary,Short"
"tt0000028";"short";"Fishing for Goldfish";"La pêche aux poissons rouges";"0";"1895";"\\N";"1";"Documentary,Short"
"tt0000029";"short";"Baby's Meal";"Repas de bébé";"0";"1895";"\\N";"1";"Documentary,Short"
"tt0000030";"short";"Rough Sea at Dover";"Rough Sea at Dover";"0";"1895";"\\N";"1";"Documentary,Short"
"tt0000031";"short";"Jumping the Blanket";"Le saut à la couverture";"0";"1895";"\\N";"1";"Documentary,Short"
"tt0000032";"short";"Die Serpentintänzerin";"Die Serpentintänzerin";"0";"1895";"\\N";"1";"Short"
"tt0000033";"short";"Horse Trick Riders";"La voltige";"0";"1895";"\\N";"1";"Comedy,Documentary,Short"
"tt0000034";"short";"Arrivée d'un train gare de Vincennes";"Arrivée d'un train gare de Vincennes";"0";"1896";"\\N";"1";"Documentary,Short"
"tt0000035";"short";"Watering the Flowers";"L'arroseur";"0";"1896";"\\N";"1";"Comedy,Short"
"tt0000036";"short";"Awakening of Rip";"Awakening of Rip";"0";"1896";"\\N";"1";"Drama,Short"
"tt0000037";"short";"Sea Bathing";"Baignade en mer";"0";"1896";"\\N";"1";"Short"
"tt0000038";"short";"The Ball Game";"The Ball Game";"0";"1898";"\\N";"1";"Documentary,Short,Sport"
"tt0000039";"short";"Barnet Horse Fair";"Barnet Horse Fair";"0";"1896";"\\N";"\\N";"Short"
"tt0000040";"short";"Barque sortant du port de Trouville";"Barque sortant du port de Trouville";"0";"1896";"\\N";"\\N";"Documentary,Short"
"tt0000041";"short";"Bataille de neige";"Bataille de neige";"0";"1897";"\\N";"1";"Comedy,Documentary,Short"
"tt0000042";"short";"Bateau-mouche sur la Seine";"Bateau-mouche sur la Seine";"0";"1896";"\\N";"\\N";"Documentary,Short"
"tt0000043";"short";"Batteuse à vapeur";"Batteuse à vapeur";"0";"1896";"\\N";"\\N";"Documentary,Short"
"tt0000044";"short";"Le bivouac";"Le bivouac";"0";"1896";"\\N";"1";"Short"
"tt0000045";"short";"Les blanchisseuses";"Les blanchisseuses";"0";"1896";"\\N";"\\N";"Short"
"tt0000046";"short";"Bois de Boulogne";"Bois de Boulogne";"0";"1896";"\\N";"\\N";"Documentary,Short"
"tt0000047";"short";"Boulevard des Italiens";"Boulevard des Italiens";"0";"1896";"\\N";"\\N";"Documentary,Short"
"tt0000048";"short";"The Boxing Kangaroo";"The Boxing Kangaroo";"0";"1896";"\\N";"\\N";"Short"
"tt0000049";"short";"Boxing Match; or, Glove Contest";"Boxing Match; or, Glove Contest";"0";"1896";"\\N";"\\N";"Short,Sport"
"tt0000050";"short";"Bébé et fillettes";"Bébé et fillettes";"0";"1896";"\\N";"\\N";"Documentary,Short"
